City_ID,City,Country,Lat,Lng,Max Temp,Humidity,Cloudiness,Wind Speed,Current Description
0,Esperance,AU,-33.8667,121.9,78.26,60,0,24.54,clear sky
1,Mataura,NZ,-46.1927,168.8643,64.11,40,3,3.13,clear sky
2,Castro,BR,-24.7911,-50.0119,62.82,98,27,4.12,scattered clouds
3,Srednekolymsk,RU,67.45,153.6833,-5.17,94,100,3.53,overcast clouds
4,Ossora,RU,59.2353,163.0719,10.9,86,87,3.02,overcast clouds
5,Atuona,PF,-9.8,-139.0333,78.62,76,51,15.86,light rain
6,Leningradskiy,RU,69.3833,178.4167,4.46,96,100,5.44,overcast clouds
7,Cherskiy,RU,68.75,161.3,-2.96,98,100,11.52,snow
8,Alta Floresta,BR,-9.8756,-56.0861,71.91,96,73,1.61,broken clouds
9,Caceres,ES,39.522,-6.3748,46.8,87,94,5.26,overcast clouds
10,Khatanga,RU,71.9667,102.5,-13.95,95,98,3.4,overcast clouds
11,New Norfolk,AU,-42.7826,147.0587,69.51,69,100,3.58,overcast clouds
12,Kolyvan,RU,55.3053,82.7391,19.58,89,73,13.0,broken clouds
13,Turayf,SA,31.6725,38.6637,45.75,79,0,3.6,clear sky
14,Port Hedland,AU,-20.3167,118.5667,89.37,67,45,11.63,scattered clouds
15,Vestmannaeyjar,IS,63.4427,-20.2734,34.86,71,96,16.22,light snow
16,Busselton,AU,-33.65,115.3333,83.08,42,14,14.83,few clouds
17,Puerto Escondido,MX,15.85,-97.0667,78.57,74,0,5.61,clear sky
18,Thompson,CA,55.7435,-97.8558,-15.07,94,24,5.55,few clouds
19,Boyolangu,ID,-8.1181,111.8935,85.77,67,64,2.24,broken clouds
20,Wamba,NG,8.9333,8.6,71.8,18,59,2.1,broken clouds
21,Busko-Zdroj,PL,50.4708,20.7188,29.77,91,31,5.28,scattered clouds
22,Bredasdorp,ZA,-34.5322,20.0403,70.29,85,69,10.47,broken clouds
23,Puerto Ayora,EC,-0.7393,-90.3518,74.88,88,85,3.33,light rain
24,Iisalmi,FI,63.5592,27.1907,22.95,77,100,10.09,overcast clouds
25,Springdale,US,36.1867,-94.1288,22.41,98,25,1.34,scattered clouds
26,Belyy Yar,RU,53.6039,91.3903,21.42,81,96,13.33,overcast clouds
27,Gushikawa,JP,26.3544,127.8686,63.82,63,65,11.88,broken clouds
28,Norman Wells,CA,65.282,-126.8329,-12.6,94,11,8.01,few clouds
29,Cape Town,ZA,-33.9258,18.4232,69.67,75,0,2.39,clear sky
30,Pacific Grove,US,36.6177,-121.9166,55.56,58,0,1.01,clear sky
31,Ushuaia,AR,-54.8,-68.3,40.73,89,98,5.68,overcast clouds
32,Beringovskiy,RU,63.05,179.3167,28.76,98,100,7.05,light snow
33,Reforma,MX,18.1,-91.0167,70.3,92,70,6.55,broken clouds
34,Saskylakh,RU,71.9167,114.0833,-15.27,88,81,2.44,broken clouds
35,Vernon,CA,50.2581,-119.2691,32.99,65,100,2.62,overcast clouds
36,Tiksi,RU,71.6872,128.8694,-8.48,96,100,4.5,overcast clouds
37,Arraial Do Cabo,BR,-22.9661,-42.0278,75.54,90,2,11.83,clear sky
38,Punta Arenas,CL,-53.15,-70.9167,46.2,77,100,14.0,overcast clouds
39,Marawi,PH,7.9986,124.2928,73.65,66,30,10.13,scattered clouds
40,Georgetown,MY,5.4112,100.3354,80.15,80,97,5.12,light rain
41,Hermanus,ZA,-34.4187,19.2345,68.59,86,2,11.05,clear sky
42,Talaya,RU,61.3833,152.75,-4.25,89,100,7.11,overcast clouds
43,Tasiilaq,GL,65.6145,-37.6368,17.76,75,100,38.56,overcast clouds
44,Altea,ES,38.5989,-0.0514,51.35,72,100,13.29,overcast clouds
45,Rikitea,PF,-23.1203,-134.9692,79.74,69,100,8.99,overcast clouds
46,Yeppoon,AU,-23.1333,150.7333,82.6,67,50,11.9,scattered clouds
47,Hithadhoo,MV,-0.6,73.0833,83.21,73,13,7.09,few clouds
48,Ketchikan,US,55.3422,-131.6461,40.51,95,100,17.76,moderate rain
49,Veraval,IN,20.9,70.3667,79.57,41,3,5.32,clear sky
50,Tilichiki,RU,60.4667,166.1,14.47,84,100,8.28,overcast clouds
51,Hobart,AU,-42.8794,147.3294,70.27,85,75,10.36,broken clouds
52,Ponta Do Sol,PT,32.6667,-17.1,55.98,81,56,6.85,broken clouds
53,Nome,US,64.5011,-165.4064,30.16,97,99,15.19,overcast clouds
54,Butaritari,KI,3.0707,172.7902,82.29,80,57,16.13,broken clouds
55,Necochea,AR,-38.5473,-58.7368,65.03,83,1,3.87,clear sky
56,Mar Del Plata,AR,-38.0023,-57.5575,67.86,96,43,7.4,scattered clouds
57,Coachella,US,33.6803,-116.1739,58.08,14,77,4.5,broken clouds
58,Port Alfred,ZA,-33.5906,26.891,71.76,86,100,19.22,light rain
59,Mahebourg,MU,-20.4081,57.7,80.38,75,89,6.76,light rain
60,East London,ZA,-33.0153,27.9116,68.94,100,100,8.05,overcast clouds
61,Ngunguru,NZ,-35.6167,174.5,68.34,77,59,11.45,broken clouds
62,Beyla,GN,8.6833,-8.6333,74.03,73,93,3.62,overcast clouds
63,Hilo,US,19.7297,-155.09,73.26,93,26,3.0,scattered clouds
64,Emerald,AU,-23.5333,148.1667,95.27,28,20,10.47,few clouds
65,Ostrovnoy,RU,68.0531,39.5131,19.22,64,100,38.14,overcast clouds
66,Ypsonas,CY,34.6884,32.9574,50.99,87,75,3.44,broken clouds
67,Laguna,US,38.421,-121.4238,51.04,55,100,2.42,overcast clouds
68,Palmer,US,42.1584,-72.3287,12.67,98,56,2.82,broken clouds
69,Mumford,GH,5.2618,-0.759,77.88,92,5,7.29,clear sky
70,Havelock,US,34.8791,-76.9013,43.03,84,99,4.0,overcast clouds
71,Touros,BR,-5.1989,-35.4608,79.38,75,49,12.84,scattered clouds
72,Yellowknife,CA,62.456,-114.3525,-25.33,99,11,5.12,few clouds
73,Severo-Kurilsk,RU,50.6789,156.125,30.6,88,100,6.6,light snow
74,Dikson,RU,73.5069,80.5464,0.45,99,100,8.3,overcast clouds
75,Martapura,ID,-3.4167,114.85,83.91,72,100,4.74,overcast clouds
76,Qaanaaq,GL,77.484,-69.3632,-10.57,57,0,9.75,clear sky
77,Torbay,CA,47.6666,-52.7314,15.76,77,97,4.0,overcast clouds
78,Aklavik,CA,68.2191,-135.0107,-17.01,94,21,13.82,few clouds
79,Edgewater,US,28.9889,-80.9023,67.89,91,1,6.42,clear sky
80,Tieli,CN,46.95,128.05,19.04,81,91,6.15,overcast clouds
81,Bluff,NZ,-46.6,168.3333,55.8,63,2,16.44,clear sky
82,Bambous Virieux,MU,-20.3428,57.7575,80.37,75,89,6.78,light rain
83,Lubbock,US,33.6001,-101.8338,33.06,42,0,6.06,clear sky
84,Nhulunbuy,AU,-12.2333,136.7667,92.01,58,100,13.8,overcast clouds
85,Dekalb,US,33.7504,-84.2333,55.38,60,100,4.25,overcast clouds
86,Echirolles,FR,45.1333,5.7167,35.98,65,0,3.78,clear sky
87,Port Elizabeth,ZA,-33.918,25.5701,70.59,89,99,16.13,overcast clouds
88,Tuktoyaktuk,CA,69.4541,-133.0374,-15.74,92,5,11.77,clear sky
89,Brae,GB,60.3964,-1.353,44.51,79,6,32.55,clear sky
90,Fortuna,US,40.5982,-124.1573,53.98,52,75,20.71,broken clouds
91,Kahului,US,20.8947,-156.47,74.3,76,47,9.84,scattered clouds
92,Nanortalik,GL,60.1432,-45.2371,11.46,76,100,20.07,overcast clouds
93,Chuy,UY,-33.6971,-53.4616,73.08,91,86,4.74,moderate rain
94,Pimentel,PE,-6.8367,-79.9342,71.98,79,99,10.69,overcast clouds
95,Mazagao,BR,-0.115,-51.2894,73.53,98,99,2.64,overcast clouds
96,Ndele,CF,8.4109,20.6473,69.94,20,35,6.58,scattered clouds
97,Kathmandu,NP,27.7167,85.3167,61.02,55,75,3.44,haze
98,Saint-Augustin,CA,51.226,-58.6502,-9.87,97,77,5.44,broken clouds
99,Airai,TL,-8.9266,125.4092,70.32,66,100,6.64,overcast clouds
100,Caravelas,BR,-17.7125,-39.2481,73.94,84,2,3.51,clear sky
101,Sur,OM,22.5667,59.5289,79.63,41,0,4.68,clear sky
102,Jamestown,US,42.097,-79.2353,24.39,66,75,11.99,broken clouds
103,Kloulklubed,PW,7.0419,134.2556,82.42,78,65,19.46,broken clouds
104,Sao Miguel Do Araguaia,BR,-13.275,-50.1628,73.36,84,9,0.38,clear sky
105,Inhambane,MZ,-23.865,35.3833,76.95,77,14,7.52,light rain
106,Katsuura,JP,35.1333,140.3,57.06,48,1,24.65,clear sky
107,Timmins,CA,48.4669,-81.3331,19.71,96,100,5.97,snow
108,Djibo,BF,14.1022,-1.6306,71.06,10,4,9.82,clear sky
109,Saint Anthony,US,45.0205,-93.218,26.62,71,0,11.5,clear sky
110,Maymyo,MM,22.0333,96.4667,81.46,21,0,3.8,clear sky
111,Vao,NC,-22.6667,167.4833,79.54,82,100,24.4,moderate rain
112,Asmar,AF,35.0333,71.3581,51.49,24,1,5.12,clear sky
113,Barrow,US,71.2906,-156.7887,5.02,78,0,18.41,clear sky
114,Kindu,CD,-2.95,25.95,68.63,96,100,3.58,overcast clouds
115,Okhotsk,RU,59.3833,143.3,13.66,85,100,8.08,overcast clouds
116,Grand Gaube,MU,-20.0064,57.6608,82.38,77,96,5.01,overcast clouds
117,Yaan,NG,7.3833,8.5667,74.5,63,33,4.25,scattered clouds
118,Hambantota,LK,6.1241,81.1185,88.11,53,12,18.77,few clouds
119,Sobeslav,CZ,49.2599,14.7186,29.48,92,10,4.45,clear sky
120,Kodiak,US,57.79,-152.4072,36.91,70,0,6.91,clear sky
121,Rawson,AR,-43.3002,-65.1023,67.08,42,9,8.14,clear sky
122,Guerrero Negro,MX,27.9769,-114.0611,62.64,43,50,2.8,scattered clouds
123,Tuatapere,NZ,-46.1333,167.6833,61.48,49,0,8.9,clear sky
124,Flin Flon,CA,54.7682,-101.865,-6.81,96,99,5.39,overcast clouds
125,Kaniama,CD,-7.5667,24.1833,65.03,97,99,2.71,light rain
126,Dingle,PH,10.9995,122.6711,86.58,58,78,17.38,broken clouds
127,Huarmey,PE,-10.0681,-78.1522,72.3,84,92,7.07,overcast clouds
128,Alyangula,AU,-13.8483,136.4192,86.99,62,85,12.37,overcast clouds
129,Itoman,JP,26.1247,127.6694,64.36,66,81,11.72,broken clouds
130,Chokurdakh,RU,70.6333,147.9167,-7.47,99,86,7.47,overcast clouds
131,Carnarvon,AU,-24.8667,113.6333,82.47,61,0,14.97,clear sky
132,San Patricio,US,28.017,-97.5169,43.72,88,100,10.02,overcast clouds
133,Kapaa,US,22.0752,-159.319,78.78,76,0,9.22,clear sky
134,Sao Filipe,CV,14.8961,-24.4956,68.43,67,5,14.94,clear sky
135,Harper,LR,4.375,-7.7169,79.0,89,58,8.5,broken clouds
136,Kikwit,CD,-5.041,18.8162,70.68,94,63,2.57,light rain
137,Camacha,PT,33.0833,-16.3333,56.95,66,56,17.0,broken clouds
138,Nelson Bay,AU,-32.7167,152.15,73.49,76,100,7.58,light rain
139,Saint-Pierre,RE,-21.3393,55.4781,80.29,77,91,5.95,light rain
140,Praia Da Vitoria,PT,38.7333,-27.0667,62.85,88,20,29.3,few clouds
141,Olafsvik,IS,64.8945,-23.7142,32.04,57,97,9.26,heavy snow
142,Erenhot,CN,43.6475,111.9767,25.45,67,77,3.76,broken clouds
143,Lebu,CL,-37.6167,-73.65,56.62,91,20,5.03,few clouds
144,Codrington,AU,-38.2667,141.9667,69.28,73,100,13.82,moderate rain
145,Constitucion,CL,-35.3333,-72.4167,55.63,90,1,7.11,clear sky
146,Alexandria,EG,31.2156,29.9553,52.03,74,82,5.06,broken clouds
147,Longyearbyen,SJ,78.2186,15.6401,2.23,95,100,4.92,overcast clouds
148,Lata,PT,40.1629,-8.3327,50.41,96,7,2.71,clear sky
149,Meridian,US,43.6121,-116.3915,25.21,62,38,11.54,scattered clouds
150,Udachnyy,RU,66.4167,112.4,1.4,76,100,4.99,overcast clouds
151,Nabire,ID,-3.3667,135.4833,79.05,83,95,2.26,overcast clouds
152,Suez,EG,29.9737,32.5263,53.08,77,30,7.74,scattered clouds
153,Haukipudas,FI,65.1765,25.3523,28.67,86,100,19.69,overcast clouds
154,Pontianak,ID,-0.0333,109.3333,92.89,46,92,2.08,overcast clouds
155,Aspindza,GE,41.5739,43.2483,27.9,90,96,3.67,overcast clouds
156,Honiara,SB,-9.4333,159.95,84.09,74,96,7.65,moderate rain
157,Lompoc,US,34.6391,-120.4579,52.2,81,0,3.44,clear sky
158,Ponferrada,ES,42.5466,-6.5962,42.96,90,71,1.95,broken clouds
159,Miraflores,MX,19.2167,-98.8083,63.86,50,70,2.55,broken clouds
160,Kokopo,PG,-4.352,152.2633,84.27,71,100,7.54,light rain
161,Reconquista,AR,-29.15,-59.65,82.6,63,12,7.99,few clouds
162,Durant,US,33.994,-96.3708,36.88,82,100,6.55,overcast clouds
163,Namibe,AO,-15.1961,12.1522,74.52,80,78,6.62,broken clouds
164,Port Blair,IN,11.6667,92.75,85.21,58,46,14.88,scattered clouds
165,Cockburn Town,TC,21.4612,-71.1419,76.96,70,1,16.62,clear sky
166,Nalut,LY,30.3333,10.85,53.69,27,17,1.7,few clouds
167,Pisco,PE,-13.7,-76.2167,71.01,84,100,1.86,overcast clouds
168,Tahoua,NE,14.8888,5.2692,63.63,13,0,11.83,clear sky
169,Port Hardy,CA,50.6996,-127.4199,39.81,90,100,20.67,moderate rain
170,Imbituba,BR,-28.24,-48.6703,74.14,93,16,9.51,few clouds
171,Bethel,US,41.3712,-73.414,23.29,71,10,3.74,clear sky
172,Grindavik,IS,63.8424,-22.4338,33.31,71,88,13.65,light snow
173,Aligudarz,IR,33.4006,49.6949,38.14,75,15,3.58,few clouds
174,Manturovo,RU,58.3353,44.7619,23.61,94,97,5.61,overcast clouds
175,Luneville,FR,48.6,6.5,31.66,78,2,11.86,clear sky
176,Kidal,ML,18.4411,1.4078,70.68,11,48,11.41,scattered clouds
177,Yining,CN,29.0361,114.5636,65.53,49,3,3.29,clear sky
178,Bubaque,GW,11.2833,-15.8333,74.61,59,31,17.9,scattered clouds
179,Kedrovyy,RU,56.1667,91.8167,18.9,91,100,13.62,light snow
180,Eden,US,36.4885,-79.7667,42.94,100,0,0.0,mist
181,Port-Gentil,GA,-0.7193,8.7815,82.18,80,50,10.69,scattered clouds
182,Tomari,RU,47.7658,142.0683,24.37,59,65,16.37,broken clouds
183,Biak,ID,-0.9131,122.8766,85.78,58,97,0.81,overcast clouds
184,Tiznit,MA,29.5833,-9.5,52.05,86,0,0.96,clear sky
185,Samarai,PG,-10.6167,150.6667,86.54,65,93,8.61,overcast clouds
186,Yulara,AU,-25.2406,130.9889,100.24,17,0,14.97,clear sky
187,Talnakh,RU,69.4865,88.3972,15.21,94,100,13.49,light snow
188,Sosnovo-Ozerskoye,RU,52.5249,111.5418,21.0,70,100,16.78,overcast clouds
189,Provideniya,RU,64.3833,-173.3,30.88,97,100,32.91,snow
190,Sao Miguel,BR,-5.4667,-35.3667,78.75,77,68,12.71,broken clouds
191,Faya,SA,18.3851,42.4509,60.4,49,99,2.55,overcast clouds
192,Marathon,US,44.9,-89.7668,21.52,89,20,15.17,few clouds
193,San Rafael,AR,-34.6177,-68.3301,70.43,49,6,10.85,clear sky
194,Khasan,RU,42.4308,130.6434,40.24,38,24,12.28,few clouds
195,Avarua,CK,-21.2078,-159.775,81.28,77,100,6.44,overcast clouds
196,Labuhan,ID,-6.8844,112.2051,83.37,76,72,9.22,broken clouds
197,Vila Franca Do Campo,PT,37.7167,-25.4333,63.19,91,74,15.64,broken clouds
198,Acapulco,MX,16.8634,-99.8901,77.49,70,11,5.28,few clouds
199,Lagoa,PT,39.05,-27.9833,61.34,85,100,34.05,overcast clouds
200,Nikolskoye,RU,59.7035,30.7861,15.69,100,71,2.8,broken clouds
201,Sao Mateus,BR,-18.7161,-39.8589,71.78,88,2,0.87,clear sky
202,Vaini,TO,-21.2,-175.2,82.56,94,40,4.61,scattered clouds
203,Isangel,VU,-19.55,169.2667,80.71,89,100,6.91,overcast clouds
204,Xifeng,CN,42.7372,124.7222,36.75,33,1,15.82,clear sky
205,Murray Bridge,AU,-35.1167,139.2667,83.23,34,100,6.31,overcast clouds
206,Aitape,PG,-3.1374,142.3475,79.3,88,100,8.66,overcast clouds
207,Abha,SA,18.2164,42.5053,60.48,47,97,2.24,overcast clouds
208,Fort Nelson,CA,58.8053,-122.7002,10.8,96,100,4.43,snow
209,The Pas,CA,53.8251,-101.2541,3.22,60,75,5.75,broken clouds
210,Cidreira,BR,-30.1811,-50.2056,76.75,90,26,19.44,scattered clouds
211,Avila,ES,40.5833,-5.0,40.64,94,98,2.01,overcast clouds
212,Sovetskiy,RU,61.3614,63.5842,26.31,87,100,9.51,overcast clouds
213,Huilong,CN,31.8111,121.655,56.98,50,0,8.25,clear sky
214,Port Macquarie,AU,-31.4333,152.9167,71.46,89,100,9.69,moderate rain
215,Thinadhoo,MV,0.5333,72.9333,83.16,73,27,8.68,scattered clouds
216,Meulaboh,ID,4.1363,96.1285,81.68,75,84,3.98,broken clouds
217,Linamon,PH,8.186,124.1628,83.1,73,24,9.6,few clouds
218,Te Anau,NZ,-45.4167,167.7167,65.03,41,2,1.32,clear sky
219,Geraldton,AU,-28.7667,114.6,77.99,63,0,20.38,clear sky
220,Horsham,GB,51.064,-0.3272,38.3,69,2,13.91,clear sky
221,Teya,RU,60.3778,92.6267,16.9,88,100,6.82,overcast clouds
222,Noyabrsk,RU,63.1994,75.4507,24.55,93,100,18.07,overcast clouds
223,Xining,CN,36.6167,101.7667,37.56,26,98,3.87,overcast clouds
224,Kumano,JP,34.3442,132.5894,52.72,43,7,8.52,clear sky
225,Jaisalmer,IN,26.9147,70.9181,68.76,40,0,17.72,clear sky
226,Bondowoso,ID,-7.9135,113.8214,85.35,65,76,4.99,broken clouds
227,Albany,US,42.6001,-73.9662,13.57,95,17,3.69,few clouds
228,Okmulgee,US,35.6234,-95.9605,25.2,94,8,3.98,clear sky
229,Smiths Falls,CA,44.9001,-76.0161,20.95,84,60,13.76,broken clouds
230,Witten,DE,51.4333,7.3333,34.14,81,1,5.06,clear sky
231,Padang,ID,-0.9492,100.3543,86.86,62,68,6.78,broken clouds
232,Chumikan,RU,54.7183,135.315,8.83,59,62,9.13,broken clouds
233,Monroe,US,43.1501,-77.6831,22.19,82,42,16.4,scattered clouds
234,Kruisfontein,ZA,-34.0033,24.7314,68.65,88,99,13.51,overcast clouds
235,Tura,IN,25.5198,90.2201,77.92,29,0,4.9,clear sky
236,Muzhi,RU,65.3667,64.6667,26.01,78,99,18.92,overcast clouds
237,Cabo San Lucas,MX,22.8909,-109.9124,69.51,76,98,4.14,overcast clouds
238,Klaksvik,FO,62.2266,-6.589,39.2,95,100,22.79,overcast clouds
239,Gizo,SB,-8.103,156.8419,80.44,87,97,15.82,moderate rain
240,Bushehr,IR,28.9684,50.8385,66.22,72,0,8.08,clear sky
241,Sao Pedro Do Piaui,BR,-5.9294,-42.7186,72.79,87,62,2.62,broken clouds
242,Buta,CD,2.7858,24.73,75.88,56,99,2.26,overcast clouds
243,Broken Hill,AU,-31.95,141.4333,92.35,19,60,13.78,broken clouds
244,Chapais,CA,49.7834,-74.8492,16.45,93,100,11.56,light snow
245,Sidi Ali,DZ,36.0998,0.4206,52.75,87,100,3.06,overcast clouds
246,Port Moresby,PG,-9.4431,147.1797,85.17,64,77,15.52,broken clouds
247,Portland,US,45.5234,-122.6762,40.24,84,100,3.96,overcast clouds
248,Felanitx,ES,39.4696,3.1483,46.24,54,77,9.53,broken clouds
249,Mazamari,PE,-11.3258,-74.5308,67.86,99,100,0.69,overcast clouds
250,Korla,CN,41.7597,86.1469,42.84,30,37,2.93,scattered clouds
251,Avanigadda,IN,16.0215,80.9181,86.14,36,10,8.23,clear sky
252,Broome,US,42.2506,-75.833,25.57,71,100,12.66,overcast clouds
253,Husavik,IS,66.0449,-17.3389,28.31,85,100,10.0,overcast clouds
254,Mamlyutka,KZ,54.9375,68.5394,14.27,94,24,8.9,few clouds
255,Sisimiut,GL,66.9395,-53.6735,-11.15,91,97,5.06,overcast clouds
256,Papagaios,BR,-19.4492,-44.7478,66.6,89,62,4.29,broken clouds
257,Salalah,OM,17.0151,54.0924,77.09,57,67,2.3,broken clouds
258,Sistranda,NO,63.7256,8.834,39.56,66,100,12.28,overcast clouds
259,Trincomalee,LK,8.5711,81.2335,82.17,63,14,15.3,few clouds
260,Saldanha,ZA,-33.0117,17.9442,66.15,79,0,7.25,clear sky
261,Sao Geraldo Do Araguaia,BR,-6.4006,-48.555,73.85,95,100,1.59,overcast clouds
262,Narsaq,GL,60.9167,-46.05,3.54,92,100,1.36,overcast clouds
263,Roald,NO,62.5833,6.1333,48.34,43,100,24.16,overcast clouds
264,Honningsvag,NO,70.9821,25.9704,40.24,88,100,42.37,overcast clouds
265,Tambongon,PH,10.9677,123.9244,83.23,70,70,12.64,light rain
266,Bulungu,CD,-4.55,18.6,70.41,96,89,2.46,overcast clouds
267,Mankono,CI,8.0586,-6.1897,74.97,79,35,4.81,scattered clouds
268,Marica,BR,-22.9194,-42.8186,73.35,91,3,4.74,clear sky
269,Hobyo,SO,5.3505,48.5268,79.95,69,91,15.14,overcast clouds
270,Rocha,UY,-34.4833,-54.3333,70.5,94,100,6.17,moderate rain
271,Urumqi,CN,43.801,87.6005,30.7,67,50,5.82,scattered clouds
272,Banepa,NP,27.6298,85.5214,59.32,55,75,3.44,haze
273,Victoria,HK,22.2855,114.1577,76.08,71,59,5.01,broken clouds
274,Mogadishu,SO,2.0371,45.3438,80.53,71,97,14.47,overcast clouds
275,Raduzhnyy,RU,62.0961,77.475,23.86,93,100,14.72,overcast clouds
276,Manggar,ID,-2.8833,108.2667,85.8,63,71,7.83,broken clouds
277,Bida,NG,9.0833,6.0167,73.33,19,5,1.25,clear sky
278,Mukdahan,TH,16.5833,104.5,83.39,45,96,10.54,overcast clouds
279,Upata,VE,8.0086,-62.3989,71.19,92,98,4.38,overcast clouds
280,Paamiut,GL,61.994,-49.6678,0.64,76,100,8.43,overcast clouds
281,Roma,US,43.2128,-75.4557,12.63,95,62,4.38,broken clouds
282,Selenginsk,RU,52.0064,106.8647,24.39,86,98,14.74,light snow
283,Livingston,GB,55.9029,-3.5226,41.07,75,0,3.44,clear sky
284,Zhigansk,RU,66.7697,123.3711,-1.84,91,99,4.12,overcast clouds
285,Orcotuna,PE,-11.9667,-75.3333,47.26,88,100,2.64,overcast clouds
286,Acarau,BR,-2.8856,-40.12,77.41,84,63,9.28,broken clouds
287,Inuvik,CA,68.3499,-133.7218,-21.35,97,10,6.62,clear sky
288,Saint George,US,37.1041,-113.5841,39.43,36,0,4.94,clear sky
289,Matara,LK,5.9485,80.5353,87.22,55,14,7.2,few clouds
290,Kudahuvadhoo,MV,2.6708,72.8944,82.62,75,22,10.04,few clouds
291,Kaina,NG,12.6374,8.5873,61.11,14,9,8.28,clear sky
292,Qui Nhon,VN,13.7667,109.2333,76.82,76,66,16.98,broken clouds
293,Bahadurganj,IN,26.2667,87.8167,77.81,32,13,2.84,few clouds
294,Saint-Leu,RE,-21.15,55.2833,79.43,75,76,0.69,light rain
295,Souillac,MU,-20.5167,57.5167,80.98,74,86,6.22,overcast clouds
296,Manitouwadge,CA,49.1215,-85.8403,13.95,89,100,8.23,overcast clouds
297,Moa,CU,20.6569,-74.9403,76.1,77,43,13.11,scattered clouds
298,San Juan Bautista,PE,-14.0108,-75.7358,63.23,74,100,0.96,overcast clouds
299,Bathsheba,BB,13.2167,-59.5167,76.6,78,99,12.93,overcast clouds
300,Yinchuan,CN,38.4681,106.2731,41.02,24,100,3.91,overcast clouds
301,Coquimbo,CL,-29.9533,-71.3436,66.34,76,35,6.85,scattered clouds
302,Lumsden,CA,50.6501,-104.8678,13.93,96,100,7.11,overcast clouds
303,Gombe,NG,10.2897,11.1673,67.55,22,12,6.98,few clouds
304,Plettenberg Bay,ZA,-34.0527,23.3716,68.32,85,4,7.31,clear sky
305,Mount Pleasant,US,32.7941,-79.8626,58.75,86,89,11.32,overcast clouds
306,Evanston,US,42.0411,-87.6901,25.97,84,4,14.45,clear sky
307,Taksimo,RU,56.3444,114.8794,16.92,83,100,0.49,overcast clouds
308,Hay River,CA,60.8156,-115.7999,-24.72,100,69,0.34,broken clouds
309,Coahuayana,MX,18.7333,-103.6833,70.23,87,5,3.4,clear sky
310,Moose Factory,CA,51.2585,-80.6094,8.8,93,69,9.28,broken clouds
311,Kyra,RU,49.5776,111.9753,25.43,61,41,16.55,scattered clouds
312,Luderitz,NA,-26.6481,15.1594,64.08,93,70,7.27,broken clouds
313,Pevek,RU,69.7008,170.3133,4.95,96,100,6.67,overcast clouds
314,Sinop,TR,41.7711,34.8709,39.24,96,100,1.7,overcast clouds
315,Sinnamary,GF,5.3833,-52.95,76.69,90,100,10.76,overcast clouds
316,Vryheid,ZA,-27.7695,30.7917,60.98,95,82,2.75,broken clouds
317,Pelym,RU,61.0108,61.9978,27.5,86,100,8.23,overcast clouds
318,Asyut,EG,27.181,31.1837,51.85,60,36,6.24,scattered clouds
319,Lagos,NG,6.5833,3.75,78.73,90,39,4.36,light rain
320,Stornoway,GB,58.2093,-6.3865,39.16,89,100,10.36,light rain
321,Olinda,BR,-8.0089,-34.8553,79.16,77,91,8.16,overcast clouds
322,Sitka,US,57.0531,-135.33,38.21,94,100,10.0,light rain
323,Mizdah,LY,31.4451,12.9801,51.1,38,25,1.25,scattered clouds
324,Puerto Maldonado,PE,-12.6,-69.1833,72.09,99,99,2.15,overcast clouds
325,Arak,IR,34.0917,49.6892,41.0,58,0,1.97,clear sky
326,Belmonte,BR,-15.8631,-38.8828,72.1,85,37,3.33,scattered clouds
327,Along,IN,28.1667,94.7667,74.48,38,44,1.48,scattered clouds
328,Upernavik,GL,72.7868,-56.1549,-11.78,99,100,10.02,overcast clouds
329,Dickinson,US,29.4608,-95.0513,43.95,94,100,13.8,mist
330,Akureyri,IS,65.6835,-18.0878,21.2,88,100,7.63,overcast clouds
331,Tondano,ID,1.3038,124.9112,81.66,54,92,4.72,overcast clouds
332,Ayan,RU,56.45,138.1667,4.86,58,41,11.83,scattered clouds
333,Bilibino,RU,68.0546,166.4372,7.38,96,100,3.71,light snow
334,Shimoda,JP,34.6667,138.95,53.83,48,8,31.34,clear sky
335,Hilton Head Island,US,32.2163,-80.7526,60.42,89,73,10.07,broken clouds
336,Manoel Urbano,BR,-8.8389,-69.2597,71.38,99,49,1.88,scattered clouds
337,Ulladulla,AU,-35.35,150.4667,75.09,81,79,4.07,broken clouds
338,North Myrtle Beach,US,33.816,-78.68,52.57,78,29,8.66,scattered clouds
339,Pedernales,DO,18.0384,-71.744,75.36,71,1,4.88,clear sky
340,Kantang,TH,7.4054,99.5156,80.15,77,97,10.74,overcast clouds
341,Strezhevoy,RU,60.7333,77.5889,23.22,90,100,13.69,overcast clouds
342,Orizona,BR,-17.0314,-48.2958,66.16,89,9,2.59,clear sky
343,Ponta Delgada,PT,37.7333,-25.6667,61.7,91,55,17.81,broken clouds
344,Ahipara,NZ,-35.1667,173.1667,69.12,68,83,1.21,broken clouds
345,Saint-Philippe,RE,-21.3585,55.7679,81.99,80,97,7.47,light rain
346,Clyde River,CA,70.4692,-68.5914,-13.5,73,48,6.31,scattered clouds
347,Maputo,MZ,-25.9653,32.5892,72.12,86,20,7.2,few clouds
348,Maragogi,BR,-9.0122,-35.2225,77.07,83,77,5.86,broken clouds
349,Kalmunai,LK,7.4167,81.8167,83.08,65,18,13.67,few clouds
350,Kumluca,TR,36.3703,30.2869,54.1,76,100,4.14,overcast clouds
351,Buraydah,SA,26.326,43.975,57.33,39,1,9.33,clear sky
352,Gorshechnoye,RU,51.5244,38.0365,28.26,88,100,12.53,overcast clouds
353,Auki,SB,-8.7676,160.7034,81.52,84,99,7.61,overcast clouds
354,Anadyr,RU,64.75,177.4833,30.7,92,75,29.08,light snow
355,Mehamn,NO,71.0357,27.8492,36.28,97,100,29.53,light rain
356,Maihar,IN,24.2667,80.75,87.1,16,12,7.92,few clouds
357,Hofn,IS,64.2539,-15.2082,31.26,65,60,8.84,broken clouds
358,Chara,RU,56.9064,118.2631,5.77,70,15,1.7,few clouds
359,Hovd,MN,48.0056,91.6419,16.68,61,75,4.85,broken clouds
360,Liverpool,GB,53.4106,-2.9779,39.74,83,1,10.36,clear sky
361,Semnan,IR,35.5729,53.3971,51.64,50,20,4.61,few clouds
362,Sungaipenuh,ID,-2.0833,101.3833,82.27,44,90,4.9,overcast clouds
363,Numan,NG,9.4667,12.0333,70.48,24,65,2.28,broken clouds
364,Mount Gambier,AU,-37.8333,140.7667,64.13,93,100,4.29,light rain
365,Fare,PF,-16.7,-151.0167,81.75,77,3,17.22,moderate rain
366,Lasa,IT,46.6166,10.7002,14.09,46,7,3.33,clear sky
367,Daura,NG,11.5538,11.4085,63.52,18,4,9.51,clear sky
368,Bireun,ID,5.203,96.7009,79.99,79,100,5.53,moderate rain
369,La Peca,PE,-5.6111,-78.435,65.25,95,100,0.96,overcast clouds
370,Tatawin,TN,32.9297,10.4518,49.53,95,14,7.45,few clouds
371,Hami,CN,42.8,93.45,41.2,26,99,3.09,overcast clouds
372,Kailua,US,21.4022,-157.7394,74.12,76,22,8.72,light rain
373,Ushirombo,TZ,-3.4919,31.9639,63.1,92,100,2.21,overcast clouds
374,Neiafu,TO,-18.65,-173.9833,79.39,85,100,13.13,moderate rain
375,Kabelvag,NO,68.2114,14.4817,41.36,95,100,33.62,light rain
376,Kemijarvi,FI,66.7131,27.4306,27.46,92,96,17.2,overcast clouds
377,Chongwe,ZM,-15.3292,28.682,64.13,95,46,2.66,scattered clouds
378,Waipawa,NZ,-41.4122,175.5153,54.39,62,94,11.27,overcast clouds
379,Okahandja,NA,-21.9833,16.9167,64.71,33,90,1.32,overcast clouds
380,Arrecife,ES,28.963,-13.5477,62.67,77,0,18.41,clear sky
381,Dunedin,NZ,-45.8742,170.5036,54.25,58,1,5.77,clear sky
382,Nyurba,RU,63.2842,118.3319,5.63,86,100,6.62,overcast clouds
383,Hohhot,CN,40.8106,111.6522,43.09,17,0,4.47,clear sky
384,Russell,US,32.3502,-85.1999,51.06,63,31,3.29,scattered clouds
385,Poli,TZ,-3.3333,36.8,64.38,76,54,0.96,broken clouds
386,Samarinda,ID,-0.5,117.15,86.54,62,100,4.45,overcast clouds
387,Mims,US,28.6653,-80.8448,70.92,93,0,1.01,clear sky
388,Vila Velha,BR,-20.3297,-40.2925,75.15,94,0,3.44,clear sky
389,Sioux Lookout,CA,50.1001,-91.917,6.46,89,100,10.78,overcast clouds
390,Marzuq,YE,14.4,46.4667,74.3,37,2,4.41,clear sky
391,Massakory,TD,12.996,15.7293,67.1,18,3,10.74,clear sky
392,Elko,US,41.0002,-115.5012,16.23,71,5,4.68,clear sky
393,Aykhal,RU,66.0,111.5,3.29,77,100,6.04,overcast clouds
394,Kalabo,ZM,-14.97,22.6814,65.82,85,8,3.89,clear sky
395,Elban,RU,50.1018,136.5094,16.16,77,99,6.06,overcast clouds
396,Bandarbeyla,SO,9.4942,50.8122,78.24,70,43,10.71,scattered clouds
397,Axim,GH,4.8699,-2.2405,78.35,93,26,6.04,scattered clouds
398,Kayerkan,RU,69.3497,87.7602,14.52,92,100,9.42,overcast clouds
399,Batsfjord,NO,70.6345,29.7185,32.7,90,100,27.31,light snow
400,San Quintin,MX,30.4833,-115.95,56.93,60,97,5.95,overcast clouds
401,Aksarka,RU,66.5606,67.7975,25.83,91,100,13.15,overcast clouds
402,Prabumulih,ID,-3.45,104.25,92.39,47,88,1.54,overcast clouds
403,Bereda,ES,43.2686,-7.5406,39.31,98,51,3.06,broken clouds
404,Dryden,CA,49.7833,-92.7503,10.69,67,40,10.36,scattered clouds
405,Freeport,US,40.6576,-73.5832,32.18,59,0,11.5,clear sky
406,Beira,MZ,-19.8436,34.8389,78.89,83,40,9.22,scattered clouds
407,Haines Junction,CA,60.7522,-137.5108,23.0,98,100,2.13,overcast clouds
408,Sola,VU,-13.8833,167.55,77.85,88,100,17.09,overcast clouds
409,Mirabad,AF,30.4362,61.8383,69.03,22,59,12.15,broken clouds
410,Socuellamos,ES,39.2858,-2.7921,42.13,83,95,15.1,overcast clouds
411,Fowa,NG,8.9167,6.4,73.49,21,5,1.43,clear sky
412,Arman,RU,59.7,150.1667,10.02,72,44,6.53,scattered clouds
413,Tautira,PF,-17.7333,-149.15,84.22,77,17,15.55,few clouds
414,Kenai,US,60.5544,-151.2583,29.41,98,100,1.14,overcast clouds
415,Turkmenabat,TM,39.0733,63.5786,58.71,32,40,15.61,scattered clouds
416,Conde,BR,-7.2597,-34.9075,76.46,94,40,4.61,scattered clouds
417,Abu Kamal,SY,34.4506,40.9171,53.89,64,6,6.62,clear sky
418,Hasaki,JP,35.7333,140.8333,61.2,37,12,25.32,few clouds
419,Nobres,BR,-14.7203,-56.3275,74.05,95,61,3.8,broken clouds
420,San Juan,AR,-31.5375,-68.5364,82.45,34,4,3.31,clear sky
421,Kysyl-Syr,RU,63.8986,122.7617,2.91,86,100,2.82,overcast clouds
422,Sorland,NO,67.667,12.6934,43.23,87,100,41.43,overcast clouds
423,Tinaquillo,VE,9.9186,-68.3047,70.61,89,94,3.38,overcast clouds
424,Jimma,ET,7.6667,36.8333,63.01,79,54,2.06,broken clouds
425,Raga,SS,8.4596,25.678,67.21,23,31,4.45,scattered clouds
426,Rio Grande,BR,-32.035,-52.0986,75.94,92,89,15.64,overcast clouds
427,Kitgum,UG,3.2783,32.8867,74.03,50,28,3.51,scattered clouds
428,Edson,CA,53.5835,-116.4356,37.54,60,100,5.75,overcast clouds
429,Betma,IN,22.6833,75.6167,80.71,18,0,2.89,clear sky
430,Vanimo,PG,-2.6741,141.3028,77.86,89,99,5.48,overcast clouds
431,Berlevag,NO,70.8578,29.0864,33.6,94,100,27.89,light snow
432,Goderich,CA,43.7501,-81.7165,24.87,82,71,23.69,broken clouds
433,Gladstone,AU,-23.85,151.25,82.17,65,35,12.71,scattered clouds
434,Muroto,JP,33.2833,134.15,62.64,37,0,11.99,clear sky
435,Benavente,ES,42.0025,-5.6783,44.98,86,88,2.51,overcast clouds
436,Wellington,NZ,-41.2866,174.7756,57.25,66,77,17.54,broken clouds
437,Temir,KZ,49.1414,57.13,22.71,93,97,14.56,overcast clouds
438,Todos Santos,MX,23.45,-110.2167,69.26,46,87,5.01,overcast clouds
439,Okha,RU,53.5739,142.9478,8.42,72,76,11.92,broken clouds
440,Ariquemes,BR,-9.9133,-63.0408,73.31,97,94,1.54,moderate rain
441,Hualmay,PE,-11.0964,-77.6139,70.9,87,87,6.22,overcast clouds
442,Ganzhou,CN,28.8184,115.4327,62.24,53,4,4.29,clear sky
443,Kavaratti,IN,10.5669,72.642,81.54,72,19,9.73,few clouds
444,Saint-Joseph,RE,-21.3667,55.6167,78.67,79,95,7.34,light rain
445,Lorengau,PG,-2.0226,147.2712,77.65,88,100,6.26,light rain
446,Fukue,JP,32.6881,128.8419,53.96,43,0,12.66,clear sky
447,Kongwa,TZ,-6.2,36.4167,65.93,95,81,1.1,broken clouds
448,Sambava,MG,-14.2667,50.1667,78.48,86,100,2.82,overcast clouds
449,Kiunga,PG,-6.1219,141.2906,82.13,77,45,4.74,scattered clouds
450,Basco,PH,20.4487,121.9702,73.69,72,33,16.49,scattered clouds
451,Iqaluit,CA,63.7506,-68.5145,-15.07,87,100,9.95,overcast clouds
452,Shache,CN,38.4167,77.2406,48.45,28,43,2.93,scattered clouds
453,Simi,SL,9.5667,-12.35,76.24,69,83,3.67,broken clouds
454,Sept-Iles,CA,50.2001,-66.3821,12.06,82,100,3.44,overcast clouds
455,Ilulissat,GL,69.2167,-51.1,-7.58,64,100,2.3,overcast clouds
456,Faanui,PF,-16.4833,-151.75,82.02,76,8,17.22,light rain
457,Dalbandin,PK,28.8947,64.4101,69.71,15,2,4.61,clear sky
458,Nouakchott,MR,18.0858,-15.9785,62.38,74,0,16.75,clear sky
459,Pangnirtung,CA,66.1451,-65.7125,-14.8,70,100,3.44,overcast clouds
460,Gainesville,US,29.6516,-82.3248,66.74,79,76,4.25,broken clouds
461,Potosi,BO,-19.5836,-65.7531,46.78,81,48,2.71,scattered clouds
462,Clarence Town,AU,-32.5833,151.7833,75.6,71,100,7.45,moderate rain
463,Numaligarh,IN,26.6333,93.75,75.38,45,20,6.17,few clouds
464,Luziania,BR,-16.2525,-47.9503,67.69,93,1,2.42,clear sky
465,Sigli,ID,5.3848,95.9609,80.76,78,100,7.81,moderate rain
466,Birjand,IR,32.8663,59.2211,61.95,36,88,17.9,overcast clouds
467,Baghramyan,AM,40.1934,44.3683,42.15,55,16,0.47,few clouds
468,Dwarka,IN,22.2394,68.9678,78.8,51,0,9.62,clear sky
469,Fairbanks,US,64.8378,-147.7164,19.15,93,100,5.12,overcast clouds
470,Talcahuano,CL,-36.7167,-73.1167,57.97,92,1,4.72,clear sky
471,Naze,JP,28.3667,129.4833,59.13,60,0,12.57,clear sky
472,Yatou,CN,37.15,122.3833,49.62,36,0,16.04,clear sky
473,Novorzhev,RU,57.0294,29.3338,19.51,95,76,2.51,broken clouds
474,Arlit,NE,18.7369,7.3853,65.12,14,0,3.22,clear sky
475,Esil,KZ,51.9556,66.4042,17.62,89,20,8.28,few clouds
476,Grass Valley,US,39.2191,-121.0611,43.68,58,100,4.81,overcast clouds
477,Tahe,CN,52.3333,124.7333,17.29,56,58,11.23,broken clouds
478,Kungurtug,RU,50.5994,97.5228,16.7,64,79,9.33,broken clouds
479,Parabel,RU,58.6978,81.4825,26.2,82,100,13.91,overcast clouds
480,Kaitangata,NZ,-46.2817,169.8464,52.59,60,2,6.42,clear sky
481,Abda,HU,47.6946,17.5449,31.21,86,37,8.79,scattered clouds
482,Plover,US,44.4564,-89.544,27.45,47,0,13.8,clear sky
483,Prince Rupert,CA,54.3161,-130.3201,39.76,92,100,12.08,light rain
484,Mnogovershinnyy,RU,53.9353,139.9242,2.84,80,100,4.16,overcast clouds
485,Khorixas,NA,-20.3667,14.9667,73.81,35,75,2.64,broken clouds
486,Yenagoa,NG,4.9247,6.2642,78.44,89,7,2.46,clear sky
487,Half Moon Bay,US,37.4636,-122.4286,50.95,70,100,5.84,overcast clouds
488,Coruripe,BR,-10.1256,-36.1756,78.46,73,67,7.72,broken clouds
489,Cocorit,MX,27.5833,-109.9667,57.96,37,75,5.91,broken clouds
490,Cap Malheureux,MU,-19.9842,57.6142,80.11,76,90,7.58,light rain
491,Kununurra,AU,-15.7667,128.7333,88.32,60,100,20.29,overcast clouds
492,Dukat,RU,62.55,155.55,-10.48,95,100,5.03,overcast clouds
493,Khani,GE,41.9563,42.9566,38.77,90,99,0.69,overcast clouds
494,Dumai,ID,1.6833,101.45,83.41,66,100,4.12,overcast clouds
495,Tuscaloosa,US,33.2098,-87.5692,43.7,70,99,2.66,overcast clouds
496,Tokonou,GN,9.65,-9.7833,77.65,61,99,6.71,overcast clouds
497,Guanica,PR,17.9716,-66.908,71.58,82,26,4.94,scattered clouds
498,Ribeira Grande,PT,38.5167,-28.7,62.29,87,94,29.53,overcast clouds
499,Brandon,US,27.9378,-82.2859,66.69,82,3,5.5,clear sky
500,Sonoita,MX,31.85,-112.8333,56.53,27,40,8.28,scattered clouds
501,Hokitika,NZ,-42.7167,170.9667,65.53,74,49,7.54,scattered clouds
502,Daoukro,CI,7.0591,-3.9631,73.13,96,20,2.66,few clouds
503,Poum,NC,-20.2333,164.0167,80.26,85,100,11.63,overcast clouds
504,Lavrentiya,RU,65.5833,-171.0,29.25,93,100,19.62,overcast clouds
505,Salisbury,GB,51.0693,-1.7957,39.11,76,6,14.0,clear sky
506,Goundam,ML,16.4145,-3.6708,72.3,7,0,10.78,clear sky
507,Pontes E Lacerda,BR,-15.2261,-59.3353,72.1,95,65,2.21,light rain
508,Baykit,RU,61.67,96.37,14.97,86,81,3.27,broken clouds
509,Gazanjyk,TM,39.2446,55.5154,60.3,53,98,17.65,overcast clouds
510,Dubti,ET,11.7361,41.0853,81.03,54,10,8.79,clear sky
511,Aksu,CN,41.1231,80.2644,46.18,30,100,1.52,overcast clouds
512,Yerbogachen,RU,61.2767,108.0108,7.93,79,99,4.14,overcast clouds
513,Kalengwa,ZM,-13.4659,25.0027,64.98,93,78,3.11,broken clouds
514,Portree,GB,57.4129,-6.1942,45.86,93,92,19.35,overcast clouds
515,Ko Samui,TH,9.5357,99.9357,82.96,68,98,20.11,overcast clouds
516,Wajid,SO,3.8093,43.2471,85.86,42,40,16.17,scattered clouds
517,Azare,NG,11.6765,10.1948,62.29,19,24,6.87,few clouds
518,Cayenne,GF,4.9333,-52.3333,77.09,91,75,5.75,broken clouds
519,Parakou,BJ,9.3372,2.6303,71.56,20,15,1.59,few clouds
520,Fauvillers,BE,49.8512,5.664,29.16,81,5,10.58,clear sky
521,Rondonopolis,BR,-16.4708,-54.6356,72.16,95,68,2.26,broken clouds
522,Porbandar,IN,21.6422,69.6093,80.49,46,0,5.86,clear sky
523,Dourbali,TD,11.8091,15.8632,67.64,16,5,10.69,clear sky
524,Nishihara,JP,26.1842,127.7558,63.97,65,78,9.28,broken clouds
525,Bintulu,MY,3.1667,113.0333,80.56,74,98,0.85,overcast clouds
526,Taoudenni,ML,22.6783,-3.9836,78.37,11,98,4.34,overcast clouds
527,Katangli,RU,51.7102,143.2326,12.79,91,100,14.0,light snow
528,Liepaja,LV,56.5419,21.0367,31.62,73,63,2.51,broken clouds
529,Los Andes,CL,-32.8337,-70.5983,64.58,54,0,0.49,clear sky
530,Maniitsoq,GL,65.4167,-52.9,-12.51,85,85,5.82,overcast clouds
531,Mabaruma,GY,8.2,-59.7833,71.28,99,86,2.42,overcast clouds
532,Mouvaux,FR,50.6994,3.1343,33.17,73,44,8.28,scattered clouds
533,Benguela,AO,-12.5763,13.4055,79.36,80,89,1.34,overcast clouds
534,The Valley,AI,18.217,-63.0578,76.59,78,2,14.81,clear sky
535,Hamilton,US,39.1834,-84.5333,30.4,58,26,3.78,scattered clouds
536,Tsaratanana,MG,-16.7833,47.65,75.56,91,100,1.9,light rain
537,Coihaique,CL,-45.5752,-72.0662,48.81,87,100,10.36,light rain
538,Bara,NG,10.3744,10.7288,65.93,23,31,6.49,scattered clouds
539,Aleksandrovka,UA,46.8383,32.7612,35.17,77,42,11.83,scattered clouds
540,Santa Isabel,BR,-23.3156,-46.2214,66.04,96,71,1.48,broken clouds
541,Ozu,JP,33.5,132.55,50.43,43,1,11.61,clear sky
542,Petropavlovsk-Kamchatskiy,RU,53.0452,158.6483,27.19,54,75,4.47,broken clouds
543,Moreira,PT,41.056,-8.3894,45.68,89,11,3.6,few clouds
544,Oron,NG,4.8256,8.2343,79.2,88,55,3.27,broken clouds
545,Kavieng,PG,-2.5744,150.7967,82.45,75,87,3.83,moderate rain
546,Rockhampton,AU,-23.3833,150.5,84.43,57,55,7.11,broken clouds
547,Oriximina,BR,-1.7656,-55.8661,73.22,97,100,2.48,overcast clouds
548,Viedma,AR,-40.8135,-62.9967,67.08,42,0,9.69,clear sky
549,Poykovskiy,RU,61.2333,73.3333,25.09,73,40,17.9,scattered clouds
550,Mizan Teferi,ET,6.9833,35.5833,76.82,43,61,1.25,broken clouds
551,Tual,ID,-5.6667,132.75,83.08,74,93,9.42,overcast clouds
552,Tucuman,AR,-26.8241,-65.2226,75.2,94,0,8.05,clear sky
553,Bengkulu,ID,-3.8004,102.2655,85.57,61,99,7.49,overcast clouds
554,Kieta,PG,-6.2167,155.6333,79.99,86,83,10.4,moderate rain
555,Beloha,MG,-25.1667,45.05,78.8,59,79,8.68,broken clouds
556,Voh,NC,-20.9667,164.7,77.25,93,100,6.82,overcast clouds
557,Ambunti,PG,-4.2365,142.8448,83.03,86,90,1.81,overcast clouds
558,Xiaoweizhai,CN,26.1903,107.5125,58.17,71,98,7.34,overcast clouds
559,Olean,US,42.0776,-78.4297,18.91,85,64,11.99,broken clouds
560,Los Llanos De Aridane,ES,28.6585,-17.9182,59.85,71,30,18.14,scattered clouds
561,Shingu,JP,33.7333,135.9833,54.97,36,1,12.24,clear sky
562,Praya,CV,14.9215,-23.5087,67.24,69,36,21.59,scattered clouds
563,Havoysund,NO,70.9963,24.6622,40.55,95,100,43.93,overcast clouds
564,Fort-Shevchenko,KZ,44.5086,50.263,42.12,92,98,21.14,overcast clouds
565,Henties Bay,NA,-22.116,14.2845,62.85,81,87,2.33,overcast clouds
566,Tres Arroyos,AR,-38.3739,-60.2798,65.14,67,0,4.9,clear sky
567,Karatau,KZ,43.1667,70.4667,47.08,57,0,4.21,clear sky
568,Ust-Maya,RU,60.4167,134.5333,-2.9,82,100,4.97,overcast clouds
569,Kearney,US,40.6995,-99.0815,27.39,47,0,7.11,clear sky
570,Carhuaz,PE,-9.2819,-77.6447,54.7,85,89,4.29,overcast clouds
571,Asau,RO,46.4333,26.4,31.32,80,72,5.06,broken clouds
572,San Jeronimo,PE,-11.9472,-75.2829,48.43,90,100,2.71,overcast clouds
573,Turukhansk,RU,65.8167,87.9833,12.72,91,99,14.9,light snow
574,Flinders,AU,-34.5833,150.8552,72.39,83,77,4.61,broken clouds
575,Mkushi,ZM,-13.6202,29.3939,66.7,90,78,5.75,broken clouds
576,Kabinda,CD,-6.1333,24.4833,67.89,92,100,0.96,light rain
577,Potsdam,DE,52.3989,13.0657,32.09,94,24,5.01,few clouds
578,Vyartsilya,RU,62.1764,30.693,6.76,94,70,4.79,broken clouds
579,Yenangyaung,MM,20.4667,94.8833,91.04,21,0,5.64,clear sky
580,Lokoja,NG,7.8024,6.743,75.34,77,20,3.0,few clouds
581,La Ronge,CA,55.1001,-105.2842,0.66,92,100,5.3,overcast clouds
582,Belokurikha,RU,51.9959,84.9896,27.18,78,6,1.45,clear sky
583,Lahaina,US,20.8783,-156.6825,76.24,82,39,4.32,scattered clouds
584,Vallenar,CL,-28.5708,-70.7581,67.35,63,3,3.06,clear sky
585,Gat,IL,31.61,34.7642,54.81,73,10,2.24,clear sky
586,Langxiang,CN,46.95,128.8833,20.77,66,77,9.8,broken clouds
587,Rexburg,US,43.826,-111.7897,-3.3,96,53,4.32,broken clouds
588,Marsa Matruh,EG,31.3525,27.2453,55.06,58,3,12.3,clear sky
589,Denpasar,ID,-8.65,115.2167,84.02,69,40,4.43,scattered clouds
590,Walvis Bay,NA,-22.9575,14.5053,63.81,83,74,3.09,broken clouds
591,Porto Belo,BR,-27.1578,-48.5531,76.84,86,51,7.67,broken clouds
592,Dire,ML,12.2833,-10.9667,77.27,24,70,3.76,broken clouds
593,Roebourne,AU,-20.7833,117.1333,95.9,47,28,13.8,scattered clouds
594,Yar-Sale,RU,66.8333,70.8333,25.45,95,100,18.23,light snow
595,Gacko,BA,43.1672,18.5353,30.45,91,100,9.84,snow
596,Vuktyl,RU,63.8567,57.3094,25.56,93,100,11.41,light snow
597,Alice Springs,AU,-23.7,133.8833,97.11,16,5,16.04,clear sky
598,Katherine,AU,-14.4667,132.2667,82.51,71,100,10.11,overcast clouds
599,Bolobo,CD,-2.1667,16.2333,75.78,78,56,3.49,broken clouds
600,Merauke,ID,-8.4667,140.3333,84.9,66,89,11.79,overcast clouds
601,Mount Isa,AU,-20.7333,139.5,101.75,18,62,11.63,broken clouds
602,Bay Roberts,CA,47.5999,-53.2648,18.97,59,76,11.9,broken clouds
603,Miri,MY,4.4148,114.0089,82.54,89,40,11.5,scattered clouds
604,Muros,ES,42.7762,-9.0603,51.15,83,65,7.45,broken clouds
605,Monrovia,LR,6.3005,-10.7969,78.21,86,57,9.69,light rain
606,Lumberton,US,34.6182,-79.0086,49.28,60,100,5.57,overcast clouds
607,Maceio,BR,-9.6658,-35.7353,79.12,75,58,8.81,broken clouds
608,Avera,US,33.194,-82.5271,56.43,59,54,5.77,broken clouds
609,Sirnak,TR,37.5228,42.4594,40.73,65,15,3.09,few clouds
610,Diu,IN,20.7141,70.9822,83.7,31,5,7.56,clear sky
611,Puerto Leguizamo,CO,-0.1934,-74.7819,70.48,100,96,1.14,overcast clouds
612,Tianpeng,CN,30.9866,103.9393,59.47,50,23,4.59,few clouds
613,Namatanai,PG,-3.6667,152.4333,82.36,78,100,10.29,light rain
614,Carmarthen,GB,51.8555,-4.3054,42.89,75,1,18.41,clear sky
615,Dicabisagan,PH,17.0818,122.4157,76.5,88,93,7.07,overcast clouds
616,George,ZA,-33.963,22.4617,70.72,76,2,2.17,clear sky
617,Ouesso,CG,1.6136,16.0517,76.14,65,94,0.65,overcast clouds
618,Nicoya,CR,10.1483,-85.452,71.4,74,5,5.88,clear sky
619,Kushima,JP,31.4583,131.2333,63.91,25,0,8.1,clear sky
620,Nechi,CO,8.0942,-74.7757,72.34,96,94,1.45,overcast clouds
621,Changji,CN,44.0167,87.3167,30.13,85,23,0.87,few clouds
622,Milkovo,RU,54.7167,158.6167,19.81,81,85,1.7,overcast clouds
623,Klyuchi,RU,52.2667,79.1667,23.25,87,64,3.89,broken clouds
624,Kolvereid,NO,64.8655,11.6047,32.05,69,96,10.94,overcast clouds
625,Atar,MR,20.5169,-13.0499,60.48,51,12,8.61,few clouds
626,Bacolod,PH,10.6667,122.95,86.61,60,58,17.43,broken clouds
627,Mangotsfield,GB,51.4878,-2.504,38.3,78,0,13.91,clear sky
628,Butembo,CD,0.15,29.2833,70.03,54,60,2.8,broken clouds
629,Hudson Bay,CA,52.85,-102.3842,7.61,94,100,5.88,overcast clouds
630,Junagadh,IN,21.5167,70.4667,84.45,29,0,6.93,clear sky
631,Camacupa,AO,-12.0167,17.4833,61.97,96,100,0.87,overcast clouds
632,Marevo,RU,57.3146,32.0804,20.17,96,96,5.03,overcast clouds
633,Gilgit,PK,35.9221,74.3087,36.54,63,80,3.38,broken clouds
634,Ambilobe,MG,-13.2,49.05,82.36,80,100,4.14,overcast clouds
635,Quelimane,MZ,-17.8786,36.8883,77.65,90,86,2.89,light rain
636,Usinsk,RU,65.9939,57.5281,9.95,89,83,11.59,broken clouds
637,Cumana,VE,10.4635,-64.1775,75.65,87,99,7.07,overcast clouds
638,Ambikapur,IN,23.1167,83.2,86.76,19,4,9.04,clear sky
639,Winder,US,33.9926,-83.7202,51.17,74,99,4.29,overcast clouds
640,Misratah,LY,32.3754,15.0925,57.47,78,16,7.76,few clouds
641,Patacamaya,BO,-17.2333,-67.9167,45.57,84,71,7.47,broken clouds
642,Little Current,CA,45.9793,-81.9248,28.49,89,100,20.71,light snow
643,Tammisaari,FI,59.9736,23.4339,31.41,82,86,11.81,overcast clouds
644,Lucapa,AO,-8.4192,20.7447,66.58,94,100,1.81,overcast clouds
645,Amalapuram,IN,16.5833,82.0167,86.38,31,8,7.7,clear sky
646,Gasa,PS,31.5,34.4667,56.35,76,28,4.27,scattered clouds
647,Aviles,ES,43.5547,-5.9248,49.44,77,67,3.27,broken clouds
648,Virginia Beach,US,36.8529,-75.978,39.56,64,100,4.47,overcast clouds
649,Ivanivka,UA,46.7208,34.553,35.98,70,63,12.62,broken clouds
650,Jalu,LY,29.0331,21.5482,56.71,35,0,7.52,clear sky
651,Mahon,ES,39.8885,4.2658,52.18,48,44,13.96,scattered clouds
652,Brenham,US,30.1669,-96.3977,38.26,95,100,10.45,overcast clouds
653,Karratha,AU,-20.7377,116.8463,95.36,46,10,12.17,clear sky
654,Manicore,BR,-5.8092,-61.3003,72.84,99,100,0.92,light rain
655,Tari,NG,12.4086,4.4914,67.14,16,5,10.11,clear sky
656,Charters Towers,AU,-20.1,146.2667,98.35,25,28,10.25,scattered clouds
657,Wanaka,NZ,-44.7,169.15,64.63,48,0,3.62,clear sky
658,Matelandia,BR,-25.2408,-53.9964,72.77,78,22,4.18,few clouds
659,Genhe,CN,50.7833,121.5167,22.1,56,85,11.12,overcast clouds
660,Halifax,CA,44.6453,-63.5724,13.82,87,17,8.23,few clouds
661,Chimore,BO,-16.9833,-65.1333,72.36,98,69,1.99,broken clouds
662,Noumea,NC,-22.2763,166.4572,81.72,76,99,14.09,overcast clouds
663,Dandong,CN,40.1292,124.3947,48.74,25,1,9.19,clear sky
664,Szentistvan,HU,47.7667,20.6667,37.53,65,98,15.19,overcast clouds
665,Espanola,US,35.9911,-106.0806,27.99,44,0,3.04,clear sky
666,Khash,IR,28.2211,61.2158,66.65,32,22,9.53,few clouds
667,Debno,PL,52.739,14.698,31.53,95,24,6.02,few clouds
668,Batemans Bay,AU,-35.7167,150.1833,72.18,78,87,4.41,overcast clouds
669,Pulandian,CN,39.3953,121.9669,47.08,31,0,11.92,clear sky
670,Shahreza,IR,32.0339,51.8794,50.67,41,0,4.03,clear sky
671,Snihurivka,UA,47.0758,32.8052,35.6,72,79,12.1,broken clouds
672,Palana,RU,59.1167,159.9667,2.61,93,55,5.23,broken clouds
673,Preobrazheniye,RU,42.9019,133.9064,34.92,46,43,18.19,scattered clouds
674,Hornepayne,CA,49.2138,-84.7705,14.13,90,100,9.15,overcast clouds
675,Whitehorse,CA,60.7161,-135.0538,28.36,98,100,3.02,light snow
676,Kirakira,SB,-10.4544,161.9205,81.09,86,100,9.55,moderate rain
677,Xam Nua,LA,20.4197,104.0439,76.73,45,39,1.77,scattered clouds
678,Basqal,AZ,40.7552,48.391,42.44,82,85,5.7,overcast clouds
679,Moindou,NC,-21.6924,165.677,82.35,90,100,7.38,overcast clouds
680,Vardo,NO,70.3705,31.1107,34.47,85,100,34.27,snow
681,Grajau,BR,-5.8194,-46.1386,71.73,97,100,1.01,overcast clouds
682,Vila Do Maio,CV,15.1333,-23.2167,68.4,68,45,24.02,scattered clouds
683,Mayo,US,38.8876,-76.5119,35.83,64,100,5.39,overcast clouds
684,Muncar,ID,-8.4333,114.3333,87.33,60,55,3.74,broken clouds
685,Choix,MX,26.7092,-108.3219,60.24,22,9,4.12,clear sky
686,Toba,JP,34.4833,136.85,52.05,49,36,27.94,scattered clouds
687,Baoning,CN,25.3378,110.026,69.66,46,0,6.71,clear sky
688,Phatthalung,TH,7.5,100.0833,78.49,85,99,15.84,overcast clouds
689,Hvolsvollur,IS,63.7533,-20.2243,28.81,87,98,6.31,snow
690,Temozon,MX,20.8,-88.2167,66.63,89,2,2.73,clear sky
691,Caborca,MX,30.5838,-111.101,53.11,27,11,1.7,few clouds
692,Bonnyville,CA,54.2668,-110.735,11.37,94,100,10.74,overcast clouds
693,Makakilo City,US,21.3469,-158.0858,72.05,76,24,6.06,few clouds
694,Santa Cruz,BO,-17.8,-63.1667,75.51,84,80,8.88,broken clouds
